<?xml version="1.0" encoding="utf-8"?>
<extension type="template" version="3.8" client="site" method="upgrade">
    <name>Bulmla!</name>
    <version>0.1.0</version>
    <creationDate>18-Feb-2020</creationDate>
    <author>Patrick McGonigle</author>
    <authorEmail>patrick@mcgonigle.dev</authorEmail>
    <copyright>McGonigle</copyright>
    <description>Bulmla! This is a theme based on the CSS framework, "Bulma".</description>

    <files>
        <filename>component.php</filename>
        <filename>error.php</filename>
        <filename>offline.php</filename>
        <filename>index.php</filename>
        <filename>helper.php</filename>
        <filename>templateDetails.xml</filename>
        <filename>template_preview.png</filename>
        <filename>template_thumbnail.png</filename>
        <folder>css</folder>
        <folder>html</folder>
        <folder>images</folder>
        <folder>js</folder>
        <folder>language</folder>
    </files>

    <positions>
        <position>debug</position>
        <position>logo</position>
        <position>navigation</position>
        <position>navigationButtons</position>
        <position>hero</position>
        <position>header</position>
        <position>level-left</position>
        <position>level-right</position>
        <position>aside-right</position>
        <position>aside-left</position>
        <position>footer</position>
    </positions>

    <config>
        <fields name="params">
            <fieldset name="advanced">
                <field name="sitedescription"
                       type="text"
                       default=""
                       label="JGLOBAL_DESCRIPTION"
                       description="JGLOBAL_SUBHEADING_DESC"
                       filter="string"/>
            </fieldset>      
        </fields>
    </config>
</extension>
